{
	"info": {
		"_postman_id": "9e8e609d-a1a8-43a3-a03a-e57818ea4a11",
		"name": "SisDisSeguridad",
		"schema": "https://schema.getpostman.com/json/collection/v2.1.0/collection.json",
		"_exporter_id": "15373920",
		"_collection_link": "https://lively-shuttle-632196.postman.co/workspace/DocumnetAPI-Inventario~96a83bb2-3c1e-42dd-9625-4d7451e9237c/collection/15373920-9e8e609d-a1a8-43a3-a03a-e57818ea4a11?action=share&source=collection_link&creator=15373920"
	},
	"item": [
		{
			"name": "Persona",
			"item": [
				{
					"name": "All",
					"request": {
						"method": "GET",
						"header": [],
						"url": {
							"raw": "http://localhost:9000/v1/seguridad/Persona",
							"protocol": "http",
							"host": [
								"localhost"
							],
							"port": "9000",
							"path": [
								"v1",
								"seguridad",
								"Persona"
							]
						}
					},
					"response": []
				},
				{
					"name": "FindById",
					"request": {
						"method": "GET",
						"header": [],
						"url": {
							"raw": "http://localhost:9000/v1/seguridad/Persona/4",
							"protocol": "http",
							"host": [
								"localhost"
							],
							"port": "9000",
							"path": [
								"v1",
								"seguridad",
								"Persona",
								"4"
							]
						}
					},
					"response": []
				},
				{
					"name": "DeleteById",
					"request": {
						"method": "DELETE",
						"header": [],
						"url": {
							"raw": "http://localhost:9000/v1/seguridad/Persona/1",
							"protocol": "http",
							"host": [
								"localhost"
							],
							"port": "9000",
							"path": [
								"v1",
								"seguridad",
								"Persona",
								"1"
							]
						}
					},
					"response": []
				},
				{
					"name": "DeleteLogical",
					"request": {
						"method": "PUT",
						"header": [],
						"url": {
							"raw": "http://localhost:9000/v1/seguridad/Persona/deleteLogical/4",
							"protocol": "http",
							"host": [
								"localhost"
							],
							"port": "9000",
							"path": [
								"v1",
								"seguridad",
								"Persona",
								"deleteLogical",
								"4"
							]
						}
					},
					"response": []
				},
				{
					"name": "save",
					"request": {
						"method": "POST",
						"header": [],
						"body": {
							"mode": "raw",
							"raw": "{\r\n    \"tipoDocumento\":\"CC\",\r\n    \"documento\":\"43294\",\r\n    \"nombre\":\"Andrea\",\r\n    \"apellido\":\"Mendez\",\r\n    \"correo\":\"andrea@gmail.com\",\r\n    \"direccion\":\"Calle 12 # 12\",\r\n    \"estado\":true\r\n}",
							"options": {
								"raw": {
									"language": "json"
								}
							}
						},
						"url": {
							"raw": "http://localhost:9000/v1/seguridad/Persona",
							"protocol": "http",
							"host": [
								"localhost"
							],
							"port": "9000",
							"path": [
								"v1",
								"seguridad",
								"Persona"
							]
						}
					},
					"response": []
				},
				{
					"name": "update",
					"request": {
						"method": "PUT",
						"header": [],
						"body": {
							"mode": "raw",
							"raw": "{\r\n    \"tipoDocumento\":\"CC\",\r\n    \"documento\":\"43294\",\r\n    \"nombre\":\"María Pilar\",\r\n    \"apellido\":\"Gomez\",\r\n    \"correo\":\"maria@gmail.com\",\r\n    \"direccion\":\"Calle 10 # 11\",\r\n    \"estado\":true\r\n}",
							"options": {
								"raw": {
									"language": "json"
								}
							}
						},
						"url": {
							"raw": "http://localhost:9000/v1/seguridad/Persona/8",
							"protocol": "http",
							"host": [
								"localhost"
							],
							"port": "9000",
							"path": [
								"v1",
								"seguridad",
								"Persona",
								"8"
							]
						}
					},
					"response": []
				}
			]
		},
		{
			"name": "Usuario",
			"item": [
				{
					"name": "All",
					"request": {
						"method": "GET",
						"header": [],
						"url": {
							"raw": "http://localhost:9000/v1/seguridad/Usuario",
							"protocol": "http",
							"host": [
								"localhost"
							],
							"port": "9000",
							"path": [
								"v1",
								"seguridad",
								"Usuario"
							]
						}
					},
					"response": []
				},
				{
					"name": "FindById",
					"request": {
						"method": "GET",
						"header": [],
						"url": {
							"raw": "http://localhost:9000/v1/seguridad/Usuario/4",
							"protocol": "http",
							"host": [
								"localhost"
							],
							"port": "9000",
							"path": [
								"v1",
								"seguridad",
								"Usuario",
								"4"
							]
						}
					},
					"response": []
				},
				{
					"name": "DeleteById",
					"request": {
						"method": "DELETE",
						"header": [],
						"url": {
							"raw": "http://localhost:9000/v1/seguridad/Usuario/1",
							"protocol": "http",
							"host": [
								"localhost"
							],
							"port": "9000",
							"path": [
								"v1",
								"seguridad",
								"Usuario",
								"1"
							]
						}
					},
					"response": []
				},
				{
					"name": "DeleteLogical",
					"request": {
						"method": "PUT",
						"header": [],
						"url": {
							"raw": "http://localhost:9000/v1/seguridad/Usuario/8",
							"protocol": "http",
							"host": [
								"localhost"
							],
							"port": "9000",
							"path": [
								"v1",
								"seguridad",
								"Usuario",
								"8"
							]
						}
					},
					"response": []
				},
				{
					"name": "save",
					"request": {
						"method": "POST",
						"header": [],
						"body": {
							"mode": "raw",
							"raw": "{\r\n    \"tipoDocumento\":\"CC\",\r\n    \"documento\":\"24873264\",\r\n    \"nombre\":\"Pepito\",\r\n    \"apellido\":\"Perez Mendieta\",\r\n    \"correo\":\"pepitomendieta@gmail.com\",\r\n    \"direccion\":\"Calle 32 # 12\",\r\n    \"estado\":false\r\n}",
							"options": {
								"raw": {
									"language": "json"
								}
							}
						},
						"url": {
							"raw": "http://localhost:9000/v1/seguridad/Usuario",
							"protocol": "http",
							"host": [
								"localhost"
							],
							"port": "9000",
							"path": [
								"v1",
								"seguridad",
								"Usuario"
							]
						}
					},
					"response": []
				},
				{
					"name": "update",
					"request": {
						"method": "PUT",
						"header": [],
						"body": {
							"mode": "raw",
							"raw": "{\r\n   \"usuario\":\"pepito19\",\r\n   \"contrasenia\":\"abcd1243\",\r\n   \"personaId\":{\r\n        \"id\":7\r\n   }\r\n}",
							"options": {
								"raw": {
									"language": "json"
								}
							}
						},
						"url": {
							"raw": "http://localhost:9000/v1/seguridad/Usuario/1",
							"protocol": "http",
							"host": [
								"localhost"
							],
							"port": "9000",
							"path": [
								"v1",
								"seguridad",
								"Usuario",
								"1"
							]
						}
					},
					"response": []
				}
			]
		}
	]
}