<?xml version="1.0" encoding="UTF-8"?>
<project-private xmlns="http://www.netbeans.org/ns/project-private/1">
    <editor-bookmarks xmlns="http://www.netbeans.org/ns/editor-bookmarks/2" lastBookmarkId="0"/>
    <open-files xmlns="http://www.netbeans.org/ns/projectui-open-files/2">
        <group>
            <file>file:/C:/Users/sergi/Downloads/sistemas-distribuidos-2024-1-i-main/sistemas-distribuidos-2024-1-i-main/Sesion_8/Proyecto/src/Controller/GrupoC.java</file>
            <file>file:/C:/Users/sergi/Downloads/sistemas-distribuidos-2024-1-i-main/sistemas-distribuidos-2024-1-i-main/Sesion_8/Proyecto/src/View/GrupoV.java</file>
            <file>file:/C:/Users/sergi/Downloads/sistemas-distribuidos-2024-1-i-main/sistemas-distribuidos-2024-1-i-main/Sesion_8/Proyecto/src/Model/GrupoM.java</file>
            <file>file:/C:/Users/sergi/Downloads/sistemas-distribuidos-2024-1-i-main/sistemas-distribuidos-2024-1-i-main/Sesion_8/Proyecto/src/Interface/CRUD.java</file>
        </group>
    </open-files>
</project-private>
